aacher,aacher
abbatissarum,abbatissa
abbatum,abbas
abbildung,abbildung
abdicationem,abdicatio
abdruck,abdruck
abhandlung,abhandlung
abhandlunge,abhandlung
abkürzunge,abkurzung
abrege,abregen
abschied,abschied
abschiede,abschied
abschieds,abschied
abschiedt,abschied
absolutissimum,absolvo
absolutissmus,absolutus
abtrückung,Abdruck
abunde,abundus
abusu,abusus
academia,academia
academiarum,academicus
academicae,academicus
academicarum,academicus
academicis,academicus
academicum,academicus
academicus,academicus
academiis,academia
accedit,accedo
accedunt,accedo
accensa,accendo2
acceptae,accipio
accessere,accedo
accesserunt,accedo
accessionibus,accessio
accessit,accedo
acclamatum,acclamo
accommodatus,accommodo
accurata,accuratus
accuratißime,accuratus
accursius,accursius
acht,acht
acq,acq
acquirenda,acquierer
acquirendi,acquiro
acta,actum
actiones,actio
actionibus,actio
actionum,actio
actis,actum
actorum,actum
adagiorum,adagium
adcesserunt,accedo
additi,addo
additiones,additio
adduntur,addo
adhaerendo,adhaereo
adhuc,adhuc
adiectas,adicio
adiectis,adicio
adiunctis,adjungo
admiranda,admiror
adolfi,adolfus
adoptiua,adoptivus
adornata,adorno
adr,adr
aduent,advenire
aduersaria,adversarius
aduersus,aduersus
aduocatis,advoco
aduocatorum,advoco
aegyptiorum,aegyptus
aemter,amt
aeneae,aeneus
aequae,aequus
aeque,aequus
aerario,aerarius
aerarium,aerarius
aestimandis,aestimo
aethiopicam,aethiopicus
aethiopico,aethiopicus
aeui,aevum
aeuo,aevum
affectionum,affectio
afferentes,afferre
affines,affinis
affinitatis,affinitas
affirmantes,affirmo
afflictis,affligo
agonistico,agonista
agrariae,agrarius
ahnfang,anfang
alamannicarum,Alemanni
alberti,alberti
alciati,alciati
alcmariana,Alkmaar
alcor,Alcoran
alcorans,Alcoran
alcoranus,Alcoran
alea,alea
aleae,alea
alexandrini,alexandria
alias,alius2
aliis,alius2
aliorum,alius2
alios,alius2
allegationes,allegatio
allerhand,allerhand
aloisia,aloisia
alphabeti,alphabetus
alrabia,alrabia
alsatiae,Alsatia
alsaticarum,Alsatia
alte,alt
altera,alter
aluari,aluarus
ambiguitates,ambiguitas
americanorum,Americanus
amharicae,amharicae
amharico,amharicae
amissione,amissio
amor,amo
amores,amor
amorfortiarum,amorfortiarum
amos,Amos
ampliss,amplissimus
amplissima,amplus
amplissimo,amplus
amstelodamensium,Amsterdam
amtman,amtman
amts,amt
anagnosi,anagnosus
analecta,analecta
ananymi,anonymus
anatome,anatomia
anatomia,anatomia
anatomie,anatomia
andreae,andrea
anecdota,anecdota
anecdotorum,anecdota
angefange,anfangen
angeli,angelus
angelo,angelus
anglica,Anglicanus
anglicanae,Anglicanus
anglicarum,Anglicanus
anhaltinorum,Anhalt
anima,anima
animaduersiones,animaduertere
animaduertendis,animaduertere
animae,anima
animi,animus
anleitung,anleitung
anmerckunge,anmerkung
anmone,anmone
anmuthige,anmutig
annales,annalis
annalium,annalis
annexa,annexa
annis,annus
anno,annum
annotatio,annotatio
annotationes,annotatio
annotatis,annotatio
annum,annus
ansoehnung,ansoehnung
ant,ant
antea,antea
antecessoris,antecessoris
antehac,antehac
antheils,anteil
anthropologicum,anthropologicus
antichristi,antichristus
antichristus,antichristus
antiqua,antiquus
antiquae,antiquus
antiquarum,antiquus
antiqui,antiquus
antiquiora,antiquus
antiquiores,antiquus
antiquis,antiquus
antiquissimis,antiquus
antiquitates,antiquitas
antiquitatis,antiquitas
antiquitatum,antiquitas
antiquo,antiquus
antiquorum,antiquus
antiquum,antiquus
antonio,antonio
antonium,antonius
antworte,Antwort
anweisung,anweisung
aot,aot
apendiceo,appendicum
apologeticus,apologeticus
apologie,apologia
apostillis,apostolicus
apostolicam,apostolicus
apostolici,apostolicus
apostolische,apostolicus
apostolorum,apostolicus
apparatus,appario
appellant,appello
appellationibus,appellatio
approbatione,approbatio
apres,apres
aquila,aquila1
ara,aro
arabice,arabice
arabismus,arabismus
aramaeae,aramaeae
arbeit,arbeit
arbor,arbor1
archeio,archeio
archetypi,archetypi
archeueques,archeueques
archiantistitum,archiantistes
archidiaconatur,archidiaconatur
archidiaconi,archidiaconus
archiepiscopalis,archiepiscopalis
archiepiscopatus,archiepiscopalis
architecturae,architectura
archiu,archiv
archius,archius
aretini,aretini
argentoratenses,Argentoratus
argumenti,argumentum
argumentum,argumentum
ariminensis,ariminensis
aristotelis,aristoteles
armorum,armus
arnaud,arnaud
arnobium,arnobium
arnolds,arnold
arnono,arnono
arnotts,arnotts
aro,aro
arrestis,arrestis
ars,ars
art,art
arthritide,arthritide
articulis,articulus
artikel,artikel
asini,asinus
assertio,assertio
astronomiae,astronomia
atlantica,atlanticus
attentatis,attentare
aucti,augeo
auctore,auctor
auctores,auctor
auctoribus,auctor
auctoritatis,auctoritas
auctorum,auctor
auctum,augeo
aucupandi,aucupo
aud,aud
auditores,auditor
auditorio,auditorium
audomari,audomari
audomari_rebuffo,audomari_rebuffo
auenio,auenius
auffgericht,aufgericht
aufgehobene,aufheben
aug,aug
augiae,augiae
augirte,augirt
augsburg,augsburg
augspurg,augsburg
augusta,augustus1
augustae,augustus1
augustanae,augustanus
augustini,augustinus
augusto,augustus1
augustum,augustus1
auliae,aulia
aulico,aulicus1
aulis,aulus1
aurea,aureus
aureae,aureus
aurelia,aurelia
aureum,aureus
auriaco,auriaco
auschreibe,ausschreiben
ausfuehrliche,ausführlich
ausführliche,ausführlich
ausführung,ausführung
ausgefertiget,ausgefertiget
auslegung,auslegung
ausschreib,ausschreiben
ausschreibe,ausschreiben
ausserlesener,auserlesen
austregis,austregis
auswaertiges,auswärtig
auswärtiger,auswärtig
auszuge,auszug
authent,authenticus
authoritate,authoritas
autoris,author
autres,autres
babel,babel
bambergische,bamberg
ban,bann
bannito,bann
banns,bann
bapstumb,Papstum
baroni,baro
baronii,baro
barrum,barrum
bartolomaeo,bartolomaeus
basilica,basilica
batauae,batauia
bayer,bayern
bedencke,bedenken
begnadigunge,begnadigung
begreifft,begriffen
begriff,begriff
behauptete,behaupten
beht,beten
beklagte,beklagt
belangendt,belangend
belehrung,belehrung
belgico,belgicus
bella,bellus
belli,bellus
bello,bellus
belustigung,belustigung
benachbarte,benachbart
bendorpii,bendorpii
bened,benedictinus
benedictinae,benedictinus
benedictiner,benedictinus
beneficiis,beneficium
beneficiorum,beneficus
benno,benno
bergensi,bergensi
bericht,bericht
bernardi,bernardus
bernhardi,bernhardus
beschaydt,bescheid
bescheide,bescheid
beschlus,beschluss
beschreibung,beschreibung
besonder,besonder
betreffend,betreffend
beygefügte,beigefugt
beytra¨ge,beitrage
beyträge,beitrage
bibel,biblia
bible,biblia
biblia,biblia
biblicae,biblia
biblicarum,biblia
biblicos,biblia
biblicum,biblia
biblicus,biblia
bibliophilia,bibliophilia
bibliotha,bibliotheca
bibliotheca,bibliotheca
bibliothecae,bibliotheca
bibliothecis,bibliotheca
bifrons,bifrons
biß,biß
blanco,blancus
blasphemia,blasphemia
bodleianae,bodleiana
boerii,boerii
bohemiae,bohemia
bohemicarum,bohemia
bolognini,bolognini
bona,bonus
bonifacii,bonifacii
bonifacii_de_uitalinis,bonifacii_de_uitalinis
bonis,bonus
bono,bonus
bononiensis,bononiensis
brachii,bracchium
brauchbare,brauchbar
braunschweig,braunschweig
breuiarium,breviarius
britanniae,britannia
britannicae,britannia
britannicarum,britannia
brixiense,brixiensis
brocke,brocke
brun,brun
brunsuicensi,braunschweig
brutorum,brutus1
buch,buch
buchdruckerkun,buchdruckerkun
buchonia,buchonia
budaei,budaeus
buergerliches,bürgerlich
bull,bull
bulle,bull
bunds,bund
burdegalenses,burdegalenses
burgerschaft,burgerschaft
buss,büssen
buß,büssen
bücher,buch
büchernachdruck,buchernachdruck
büchlei,büchlein
bürgerische,bürgerisch
bürgersch,burgersch
cabinets,cabinet
cabinetsthaler,cabinetsthaler
caceserani,caceserani
caepolla,caepolla
caesarea,caesar
caesarei,caesar
caesarem,caesar
caesareo,caesar
caesareus,caesar
caesaribus,caesar
caesarum,caesar
caii,Gaius
caius,Gaius
calculi,calculus
calua,calvus1
caluinisme,caluinisme
cambialis,cambialis
cambiis,cambium
camera,cammer
camerae,cammer
camerale,cameralis
cameralem,cammer
camerales,cameralis
cameralibus,cameralis
cameralis,cammer
cameralium,cameralis
cameræ,cammer
cammer,cammer
cammeral,cammer
cammergericht,cammer gericht
cammergerichts,cammer gericht
cammergerichtsordnung,cammer gericht ordnung
campania,campanus
campano,campanus
canones,canon
canonici,canonicus
canonico,canonicus
canticorum,canticus
canticum,canticus
cantzeley,Kanzlei
capelle,capelle
capita,capitum
capitales,capitalis
capitulatio,capitulatio
capto,capio
capucium,capucium
capycio,capycio
cardinali,cardinalis
cardinalis,cardinalis
carl,Carolus
carls,Carolus
carmelitas,carmelitas
carmen,carmen1
carminis,carmen1
caroli,Carolus
carolini,Carolus
carolo,Carolus
carols,Carolus
carpzouiana,Carpzov
carpzouii,Carpzov
cartesii,cartesii
casaubono,casaubono
casei,caseus
casselische,cassel
castigata,castigo
casus,casus1
casuum,casus1
catalogo,catalogus
catalogus,catalogus
catechismus,catechismus
cathalonia,cathalonia
catholi,catholicus
catholica,catholicus
catholiques,catholiques
catholische,catholische
catilinischer,catilinischer
catzenelnbogische,catzenelnbogen
cau,causa
causa,causa
causae,causa
causarum,causa
causis,causa
cautelarum,cautelis
cautelis,cautelis
caßliche,caßliche
ccclxxii,ccclxxii
celeberrimis,celeber
censura,censeo1
centuria,centurio1
centuriae,centuria
centuries,centuries
cerebri,cerebrum
ceremoniale,ceremonial
ceremonie,ceremonium
chaeronensis,chaeronensis
changement,changement
chanoines,chanoines
charitate,charitas
charlemagne,charlemagne
chartarii,chartarius
chemnitio,chemnitio
china,china
chirothecarum,chirotheca
chirurgica,chirurgica
chretiennes,chretiennes
chri,christus
christe,christus
christenthumb,christenthumb
christi,christus
christianarum,christianus
christiani,christianus
christianis,christianus
christianorum,christianus
christinae,christina
christliche,christlich
christlicher,christlich
christo,christus
chronica,chronicon
chronick,chronick
chronicon,chronicon
chronographica,chronographica
chronologia,chronologia
chronologica,chronologia
chronologico,chronologia
chronologicum,chronologia
chrysostomus,chrysostomus
chuchalo,chuchalo
chur,chur
churfuerstlich,kurfürstlich
churfürstliche,kurfürstlich
churfürstlicher,kurfürstlich
chwalkouii,chwalkouii
cibaria,cibarius
ciceronis,cicero
circa,circa
ciue,civis
ciuil,civilis1
ciuile,civilis1
ciuili,civilis1
ciuilib,civilis1
ciuilis,civilis1
ciuitatis,civitas
clarissimi,clarus
clarissimis,clarus
clarorum,clarus
classes,classis
classica,classicus
claudii,claudius
clauis,clauis
clauium,clauis
clecher,clecher
clementinarum,clementina
clementis,clemens1
clerge,clerge
clerico,clericus
clinica,clinicus
cod,codex
codex,codex
codice,codex
codicem,codex
codicis,codex
codicum,codex
codicûm,codex
coelum,coelum
coenobio,coenobium
cognitio,cognitio
cognitionem,cognitio
cola,colo2
collatas,confero
collatio,collatio
collationes,collatio
collationibus,collatio
collecta,collectus
collectae,collectus
collectanea,collectaneus
collecti,collectus
collectio,collectio
collectionis,collectio
collectis,collectus
collectoribus,collector
collectus,collectus
collegii,collegium
collegiorum,collegium
collegium,collegium
colore,color
comitia,comitium
comitialia,comitialia
comitiis,comitium
comitis,comitus
commendatio,commendatio
commentara,commentaria
commentaria,commentarius
commentarii,commentarius
commentariis,commentarius
commentariolus,commentarius
commentariorum,commentarius
commentarium,commentarius
commentarius,commentarius
commentatio,commentatio
commentationes,commentatio
commercie,commercien
commissaires,commissaires
commissariis,commissarus
commissionibus,commissio
committenda,committo
communes,communis
communibus,communis
communis,communis
communium,communis
compendiose,compendiosus
compendium,compendium
complectens,complector
complectentibus,complectere
concept,concept
concernentia,concernentia
conciliatio,conciliatio
conciliationes,conciliatio
conciliator,conciliator
concilii,concilium
conciliorum,concilium
concilium,concilium
concionum,concio
conclusiones,conclusio
conclusionum,conclusio
concordatorum,concordatum
concordia,concordia1
concordiae,concordia1
concordibus,concordia1
confess,confess
confessionis,confessio
confutationes,confutatio
congregatio,congregatio
coniecturarum,coniectura
coniecturis,conicio
coniugalis,conjugalis
connoissance,connoissance
connubii,conubium
connubiorum,conubium
conquisitam,conquaero
consanguinitatis,consanguinitas
consarcinate,consarcinare
conscientiae,conscientia
conscriptorum,conscribo
consensus,consentio
consilia,consilium
consiliariis,consiliarius
consilii,consilium
consiliis,consilium
consilio,consilium
consiliorum,consilium
consistoralis,consistoralis
consistorialis,consistorial
constantiensis,constantiensis
constitutio,constitutio
constitutione,constitutio
constitutionem,constitutio
constitutiones,constitutio
constitutionibus,constitutio
constitutionum,constitutio
consuetudinem,consuetudo
consuetudines,consuetudo
consultationum,consultatio
consulte,consulo
continens,contineo
continentia,contineo
continentur,contineo
continuatio,continuatio
continuationes,continuatio
continuationibus,continuatio
continuirte,continuirt
contra,contra
contracte,contracte
contractibus,contractus2
contractus,contractus2
contractuum,contractus2
contrahenda,contractus2
contre,contre
controuersarum,controuersa
controuerse,controuerse
controuersia,controversia
controuersiae,controversia
controuersiarum,controversia
controuersias,controversia
contumacialis,contumacialis
conuentionali,conuentionalis
conuiuales,convivalis
copeylicher,copeylicher
cornel,cornelius
cornelii,cornelius
corporis,corpus
corpus,corpus
co¨l,coeln
creys,kreis
crimilaium,criminalis
criminal,criminalis
criminale,criminalis
criminalem,criminalis
criminales,criminalis
criminalia,criminalis
criminalibus,criminalis
criminalis,criminalis
criminalium,criminalis
criminibus,crimen
criminum,crimen
criti,criticus
critica,criticus
criticae,criticus
criticorum,criticus
criticus,criticus
croisades,croisades
crow,crow
cryptae,crypta
cunctarum,cunctus
cura,curo
curandis,curo
curante,curo
curiosa,curiosus
custodia,custodia
dallegmagne,allegmagne
daniae,danius
dans,dans
darmstadt,darmstadt
dasselische,casselisch
dauidis,dauidis
dccclxxxi,dccclxxxi
dccxliu,dccxliu
debitorum,debitus
decade,decas
decadem,decas
decadence,decadence
decades,decas
decinum,decinum
decisio,decisio
decisiones,decisio
decisionum,decisio
declaratio,declaratio
decret,decretum
decreta,decretum
decretales,decretales
decretalium,decretales
decreti,decretum
decretis,decretum
decretorum,decretum
decretum,decretum
deductione,deductio
defense,defense
defensio,defensio
definitiones,definitio
definitionum,definitio
dei,deus
delatis,delatus
delectus,deligo1
deliciae,delicia
delineatio,delineatio
deliurance,deliurance
delphinatus,delphinatus
demonstratio,demonstratio
denckwürdige,denkwurdig
dendrologia,dendrologia
dendrologiae,dendrologia
denuo,denuo
deo,deus
depictae,depictus
dero,desum
descripta,describo
descriptio,descriptio
desiderati,desidero
determinantur,determinare
detracta,detraho
deuchariste,euchariste
deudoxe,eudoxe
deuteronomium,deuteronomium
deutsch,deutsch
deutsche,deutsch
deutschland,deutschland
deutschmanns,deutschmanns
deux,deux
deß,dess
diabete,diabete
dialogi,dialogus
dialogus,dialogus
diarii,diarius
diarium,diarium
diatetico,diateticus
diatribe,diatriba
dicta,dico2
dictionnaire,dictionnaire
dictorum,dico2
didactica,didacticus
didacticus,didacticus
dieselbige,diesselbige
diexodo,diexodo
diffamari,diffamare
differentiae,differentia
differentiis,differentia
differents,differents
difficiles,difficilis
difficillimas,difficilis
diffinitiones,diffinitiones
dig,digestum
digesti,digestum
digestorum,digestum
digestum,digestum
dignitate,dignitas
dilecto,diligo
diligenter,diligens
diligentia,diligo
diligentiis,diligentiis
diligentissime,diligens
diligentius,diligens
dilucida,dilucidus
diocesis,diocesis
dioecesis,diocesis
diplomatica,diplomaticus
diplomaticus,diplomaticus
diplomatik,diplomatik
diplomatum,diplomaticus
dirigunt,dirigo
disceptatio,disceptatio
disciplina,disciplina
discours,discours
discuntur,disco
discursus,discursus2
discussa,discussio
discussio,discussio
discussiones,discussio
disposita,dispono
disputatio,disputatio
disputationes,disputatio
disputationum,disputatio
disquisitio,disquisitio
disquisitiones,disquisitio
disquisitionum,disquisitio
diss,dissertatio
dissensus,dissentio
dissertatio,dissertatio
dissertationes,dissertatio
distincta,distinguo
distinctae,distinguo
distributae,distribuo
distributum,distribuo
distributus,distribuo
diuersarum,diuersus
diuersorum,diuersus
diui,divus
diuina,divinus
diuini,divinus
diuino,divinus
diuisae,divido
diuisiones,divisio
diuisus,divido
doccident,occident
doct,doctor
doctores,doctor
doctorum,doctor
doctrina,doctrina
doctrine,doctrine
documenta,documentum
domains,domains
domini,dominus
dominicalia,dominicalia
dominorum,dominus
domus,domus
donati,dono
donationibus,donatio
dont,dont
door,door
dosnabrug,dosnabrug
dr,dr
dreissig,dreissig
duabus,duo
duae,duo
ducatu,ducatus
ducatus,ducatus
duce,duco
ductum,duco
duo,duo
duobus,duo
duos,duo
durante,duro
durchleuchtige,durchleuchtig
détails,details
ecclesia,ecclesia
ecclesiae,ecclesia
ecclesiam,ecclesia
ecclesiarum,ecclesia
ecclesiastes,ecclesiastes
ecclesiastica,ecclesiastes
ecclesiasticae,ecclesiastes
ecclesiasticarum,ecclesiastes
ecclesiastici,ecclesiastes
ecclesiasticis,ecclesiastes
ecclesiasticorum,ecclesiastes
ecclesiasticum,ecclesiastes
ecclesiæ,ecclesiastia
eclogarum,ecloga
edbenintendi,edbenintendi
edit,editus
edita,editus
editas,editus
editio,editio
editione,editio
editis,editus
editorum,editus
editum,editus
educationis,educatio
egidio,egidio
egmundanum,egmundanum
ehe,ehe
ehemalige,ehemalig
eherstl,eherstl
ehrsame,ehrsam
eich,eich
eigentlicher,eigentlicher
einbeckische,einbeckisch
eingeführte,einführen
einkünfte,einkünft
einleitung,einleitung
elbert,elbert
electa,eligo
electoralia,elector
electoralib,elector
electoris,elector
elegia,elegia
elegidia,elegidion
element,element
elementa,elementum
elemente,element
ellychnia,ellychnium
elogium,elogium
elsassisch,elsassisch
emendatae,emendatus
emendationibus,emendatio
emendatum,emendatus
emissum,emitto
emphyteutici,emphyteuticus
emphyteutico,emphyteuticus
enantiophano,enantiophano
enarratio,enarratio
enarrationes,enarratio
enchiridio,enchiridion
encomium,encomium
end,end
englebermaei,englebermaei
enthaelt,enthalten
enthaltend,enthalten
entretiens,entretiens
entscheidunge,entscheidung
enucleatissimæ,enucleare
ephemerides,ephemeris
ephemeridum,ephemeris
epidictica,epidictica
epigrammata,epigramma
epimenides,epimenides
epinikio,epinikion
episcopus,episcopus
episopatu,episcopatus
epistel,epistula
epistola,epistula
epistolae,epistula
epistolam,epistula
epistolarum,epistula
epistole,epistula
epistolica,epistolicus
epistolicum,epistolicus
epitome,epitome
epitomes,epitome
equestri,equester
equestris,equester
erachtete,erachtet
erb,erb
erbor,erbor
erdbeschreibung,erdbeschreibung
erde,erde
erfindung,erfindung
ergangene,ergehen
erkantnuß,erkenntnis
erklaerung,erklaerung
erkwick,erquicken
erläuterung,erlaeuterung
erneuerte,erneuert
erneuerter,erneuert
erneuertes,erneuert
erneuwerte,erneuert
ernewerte,erneuert
ernsthaffter,ernsthaffter
eros,erus
erotemata,erotemata
erroribus,error
erse,erse
ertzbischoue,erzbischof
eruditae,erudio
eruditione,eruditio
eruditionis,eruditio
eryth,Eryth
erzehlunge,erzähhlung
esaiam,Esaia
ethnicorum,ethnicus
etliche,etliche
euangelia,euangelium
euangelica,euangelistus
euangelicae,euangelistus
euangelicum,euangelistus
euangeliorum,euangelium
euangelische,euangelisch
euangelisches,euangelisch
euangelistarum,euangelistus
euangelistas,euangelistus
euangelium,euangelium
euangl,euangelistus
eucharistica,eucharistica
eueques,eueques
europ,europa
europa,europa
europae,europa
europaearum,europa
europaei,europa
europaeische,europa
europaeum,europa
europa¨ische,europa
europäische,europa
europäischer,europa
euxi,Euxinus
exacte,exact
exame,exame
excellent,excello
excellentium,excello
excludentibus,excludo
excommunicationis,excommunicationis
excursus,excurro
executione,executio
executionis,executio
executions,executio
executiui,executiv
exegeseos,exegeseos
exegetica,exegetica
exemplar,exemplar
exemplarium,exemplar
exemplis,exemplum
exemplum,exemplum
exercitatio,exercitatio
exercitationes,exercitatio
exercitationum,exercitatio
exhibens,exhibeo
exodum,exodus
exodus,exodus
exoticorum,exoticus
expeditione,expeditio
expetendarum,expeto
explanatio,explanatio
explanationes,explanatio
explicantur,explico
explicatio,explicatio
explicatur,explico
expositio,expositio
expositione,expositio
expositionibus,expositio
expurgandorum,expurgare
extant,existere
exteriore,exter
extraiudicialis,extraiudicialis
extraordinaire,extraordinaire
extrema,extremus
ezechielem,ezechiel
facte,facio
factis,facio
faculta¨te,facultas
faite,faite
falso,fallo
fama,fama
familiarum,familia
familie,familie
fancicum,fancicum
fasciculi,fasciculus
fasciculus,fasciculus
fascis,fascis
febre,febris
fecit,facio
felericis,felericis
fenins,fenins
ferdinand,ferdinand
ferrariensis,ferrariensis
ferratio,ferratio
ferrendar,ferrendar
feste,festus1
feudales,feudum
feudalia,feudalis
feudalibus,feudum
feudalis,feudum
feudalium,feudalis
feudi,feudum
feudis,feudum
feudorum,feudum
feuerwerck,feuerwerk
fewerzeugk,feuerzeug
fichardi,fichard
fichardo,fichard
fide,fides1
fidei,fides1
fideicommissis,fideicommitto
fidem,fides1
fides,fides1
figures,figures
filius,filius
fine,finis
finem,finis
finibus,finis
fixarum,fixus
flaminii,flaminius1
flandriae,flandriae
florentinae,florentinus
florentinus,florentinus
flores,floreo
florilegium,florilegium
florus,florus1
flsassische,elsassisch
fluxu,fluo
fonctions,fonctions
fontes,fons
fontibus,fons
for,forum
forenses,forensis
forensis,forensis
forensium,forensis
forestalis,forestalis
fori,forum
formam,forma
formulae,formula
formular,formular
formulæ,formular
foro,forum
forste,forst
forstlicher,forst
forum,forum
foy,foy
frage,frage
fragische,fragisch
fragmenta,fragmentum
franc,franc
france,france
francicae,franc
francisco,francisco
francke,franc
franckfurt,Frankfurt
franckfurtische,Frankfurt
francofortense,Frankfurt
francofurdiense,Frankfurt
francofurtensis,Frankfurt
francorum,franc
francos,franc
franke,franc
frankfurt,Frankfurt
frankfurtisches,Frankfurt
frankreich,frankreich
französische,franzoesisch
freclebe,freclebe
freiburg,freiburg
frequentissimus,frequens
frequentium,frequens
frey,frei
freyburg,freiburg
freye,frei
freyheite,frei
fridens,frieden
fridere,fridere
friderici,fridericus
fridericiana,fridericus
fridericiano,fridericus
friedberg,friedberg
friedens,frieden
frirdres,frirdres
frontini,frontinus
fuerstenthumb,fürstentum
fuerstlich,fürst
fugiendarum,fugere
fuldensem,fuldensis
fuldenses,fuldenses
fuldensis,fuldensis
fuldensium,fuldensis
fuldischer,fuldensis
fundationis,fundationis
funebre,funebris
furstenbergiana,furstenberg
fünffte,fünffte
fürste,fürst
fürstlich,fürstlich
fürstliche,fürstlich
fürtreffliche,fürtrefflich
galeni,galeni
gallia,gallia
galliarum,gallia
gallicarum,gallica
gallier,gallier
gallorum,gallus1
gandino,gandino
gebiete,gebiete
gebrueder,gebrüder
geburt,geburt
gebürg,gebürg
geendert,geaendert
gefaehrlicher,gefaehrlich
gegenbericht,gegenbericht
gegentheil,gegenteil
gegruendete,gegründet
gehaltene,gehalten
gehaltener,gehalten
gehandelt,gehandelt
geheim,geheim
geistliche,geistlich
geistlicher,geistlich
gelege,gelegen
gelegene,gelegen
gemeine,gemein
gemeiner,gemein
gemmae,gemma
gena,gena
genannte,genannt
genealogia,genealogia
genealogiae,genealogia
genealogica,genealogicus
genealogicae,genealogicus
genealogicarum,genealogicus
genealogico,genealogicus
generale,generalis
generales,generalis
generalis,generalis
genere,gener
genereuses,genereuses
generosam,generosus
genesis,genesis
genomme,genommen
gentem,gens
gentilium,gentilis
gentilshommes,gentilshommes
gentis,gens
gentium,gens
genuensis,genuensis
geographia,geographia
geographiae,geographia
geographica,geographia
geographicam,geographia
geographicum,geographia
geopent,geopent
georg,georg
georgii,georg
gerechtigkeit,gerechtigkeit
gerechtigkeite,gerechtigkeit
gerechtsame,gerechtsam
gericht,gericht
gerichtliche,gerichtlich
gerichtlicher,gericht
gerichts,gericht
gerichtsbarkeit,gerichtsbarkeit
germani,german*
germania,german*
germaniae,german*
germaniam,german*
germanica,german*
germanicae,german*
germanicarum,german*
germanici,german*
germanico,german*
germanicorum,german*
germanicum,german*
germanicus,german*
germanorum,german*
gesammlete,gesammelt
geschicht,geschichte
geschichtbuch,geschichte buch
geschichte,geschichte
geschichts,geschichte
geschichtsregister,geschichtsregister
geschlechts,geschlecht
geschäffte,geschäft
geschütz,geschütz
gesetzbuch,gesetz buch
gesetze,gesetz
gespräche,gespräch
gesta,gestum
gestas,gestum
gestellt,gestellt
gestis,gestum
getreffe,getreffe
gewohnheite,gewohnheit
gistman,gistman
glieder,glied
glokke,glocke
glossa,glossa
glossarium,glossa
glossatoris,glossator
glossatum,glossa
glossis,glossa
glossopetris,glossopetris
gnade,gnade
gnadenschatz,gnade schatz
golde,golden
goldes,gold
gothana,gothana
gothici,gothicus
gothicus,gothicus
gothofredi,gothofredus
gottfried,gottfried
gottlieb,gottlieb
gradibus,gradus
graeca,graecus
graecae,graecus
graecarum,graecus
graece,graecus
graeci,graecus
graeciae,graecus
graecis,graecus
graecorum,graecus
grafe,graf
grafschafte,graf
gram,gram
grammatica,grammatica
grammatici,grammaticus
grammatico,grammaticus
grand,grand
gratiam,gratia
gratiani,gratianus
gratulationis,gratulatio
grauamina,grauamina
grecs,grecs
greek,greek
greg,greg
gregoire,gregoire
greste,greste
grille,grille
grossherzogl,grossherzoglich
grund,grund
grundfeste,grundfeste
grundsätze,grundsatz
grundtliche,gründlich
gräfflich,gräfflich
gründliche,gründlich
gründlicher,gründlich
gründtlicher,gründlich
gualtense,gualtensis
gudii,gudii
guelde,guelde
guerres,guerres
guillielmi,guillielmi
guldene,gulden
gunthero,guntherus
gus,gus
gustaui,gusto
gutachte,gutachte
göttliche,göttlich
gülde,golden
habita,habeo
habits,habits
habsburgicae,Habsburg
haeresibus,haeresis
halberstadt,halberstadt
hals,hals
halßgerichtßordnung,halßgerichtßordnung
hamisah,hamisah
hanau,hanau
hanauische,hanau
handbuch,handbuch
handels,handel
handlunge,handlung
hanouerische,hanoverisch
hanouiensium,hanau
hanseaticis,hanseaticis
harmoniae,harmonia1
harmonica,harmonicus
haupt,haupt
hauptarticul,haupt articul
hausbuch,hausbuch
hebraea,hebraeus
hebraeae,hebraeus
hebraeo,hebraeus
hebraeorum,hebraeus
hebraeos,hebraeus
hebraica,hebraeus
hebraico,hebraeus
heidelberg,heidelberg
heil,heilig
heilige,heilig
hellenistica,hellenistica
heluetia,heluetia
hennebergische,hennebergisch
henrici,henricus
henricum,henricus
henricus,henricus
heraldici,heraldicus
herculis,herculis
hered,hereditas
herodoti,herodotus
heroica,heroicus
heroicarum,heroicus
heroici,heroicus
heroidum,herois
herr,herr
herre,herr
herrschaft,herrschaft
herzog,herzog
hess,hesse
hesse,hesse
hessische,hesse
hessisches,hesse
heyl,heilig
heylige,heilig
heyls,heilig
hierarchia,hierarchia
hierarchicae,hierarchia
hiermische,hiermische
hieroglyphica,hieroglyphica
hieronymi,hieronymus
hildensheim,hildensheim
hildesheim,hildesheim
hirsaugiensis,hirsaugiensis
hispania,hispania
hispanicus,hispanicus
histoire,histoire
historae,historia
histori,historia
historia,historia
historiae,historia
historiam,historia
historiarum,historia
historica,historicus
historicae,historicus
historicis,historicus
historico,historicus
historicorum,historicus
historicum,historicus
historicus,historicus
historie,historia
historisch,historia
historische,historia
historischer,historischer
hochgeborne,hochgeborn
hochlöbliche,hochloblich
hochzeitsglückwunsch,hochzeitsglückwunsch
hodegeta,hodegeta
hodegeticum,hodegeta
hodierni,hodiernus
hodiernis,hodiernus
hoechste,höchst
hof,hof
hoff,hof
hoffgerichts,hof gericht
hofgerichts,hof gericht
hoh,hoh
holzhusiorum,holzhausen
homagio,homagium
homiliae,homiliae
hominis,homo
hominum,homo
honori,honor
honorum,honor
horarum,hora1
horologiis,horologium
horticultura,horticultura
huis,huis
humanae,humanus
humani,humanus
humse,humse
hundert,hundert
hundsbisse,hundsbisse
hungaria,hungaria
hungaricae,hungaria
hungaricarum,hungaria
hungaricis,Hungaria
hypnologia,hypnologia
hypochondriacae,hypochondriacae
hystericae,hystericae
ia,ia
iacob,iacob
iacobs,iacob
ic,ic
ichoribus,ichoribus
iconoclastes,iconoclastes
ictorum,ictorum
idea,idea
ideam,ideam
iephtae,iephtae
ieremiam,ieremiam
ierusalem,ierusalem
iesu,iesus
iesus,iesus
iii,iii
illustrantia,illustratio
illustrata,illustratio
illustratae,illustratio
illustrationes,illustratio
illustratum,illustratio
illustratus,illustro
illustres,illustris
illustret,illustro
illustria,illustris
illustriarum,illustris
illustrissimorum,illustris
illustrium,illustris
imgleiche,imgleich
immo,immo
immortalitatis,immortalitas
immunitates,immunitas
immunitete,immunitete
imp,imperium
imperalis,imperalis
imperator,imperator
imperatoribus,imperator
imperatoris,imperator
imperatorum,imperator
imperialem,imperium
imperiali,imperium
imperialia,imperium
imperialis,imperium
imperialium,imperium
imperii,imperium
impltrandis,impetrandis
impressa,imprimo
impressas,imprimo
impressorum,impressorum
incarnatio,incarnatio
incerti,incertus
incerto,incertus
incertus,incertus
index,index
indice,index
indices,index
indiciis,index
ineditis,ineditus
ineditorum,ineditus
ineditum,ineditus
infantiae,infantia
infimæ,infimæ
informatorium,informatorium
infortiat,infortiatum
infortiati,infortiatum
inge,inge
ingeniorum,ingeniosus
inne,inne
innouatis,innouatus
innumeris,innumerus
inopiae,inopia
inprimis,imprimis
inquirendis,inquiro
insbesondere,insbesondere
inscriptionum,inscriptio
insertas,insero2
insertis,insero2
insigne,insigne
insignes,insignis
insignia,insigne
insignis,insignio
insignium,insignis
instituta,institutio
institutiones,institutio
institutionum,institutio
insubricae,insubricae
insuper,insuper
integre,integer
integri,integer
integrum,integer
interdicto,interdictum
interesse,intersum
intermortuis,intermorior
interpretationibus,interpretatio
interpretes,interpres
intitulez,intitulez
introductio,introductio
inuenies,invenio
inuentarium,inventarium
inuidiae,invidia
inuisus,invideo
inuocatione,invocatio
inutilia,inutilis
ioa,iohannis
ioanne,iohannis
ioannis,iohannis
iobum,Job
ioh,iohannis
ioha,iohannis
iohan,iohannis
iohannem,iohannis
iohannis,iohannis
ionstoni,ionstoni
iournal,journal
ir,ir
isaaco,isaacus
italia,italia
italiae,italia
italici,italia
itidem,itidem
itinerarii,itinerarius
itineris,iter
iuculentus,iuculentus
iudaeos,iudaeus
iudaica,iudaeus
iudaicae,iudaeus
iude,iudaeus
iudicatarum,judico
iudici,judicium
iudiciaram,iudaeus
iudiciariae,judiciarius
iudiciarius,iudiciarius
iudicii,judicium
iudiciis,judicium
iudicio,judicium
iudiciorum,judicium
iudicum,judex
iugurtischem,iugurtisch
iulii,iulius
iure,jus
iureconsi,iurisconsultus
iuri,jus
iuribus,jus
iurid,iuridicus
iuridica,iuridicus
iuridicae,iuridicus
iuridici,juridicus
iuridicorum,iuridicus
iuridicum,juridicus
iuridicus,juridicus
iuris,jus
iuriscons,iurisconsultus
iurisconsi,iurisconsultus
iurisconsulti,jurisconsultus
iurisconsultorum,jurisconsultus
iurisdictione,jurisdictio
iurisprudentia,iurisprudentia
iurisprudentiae,iurisprudentia
iuriste,iurist
ius,jus
iussu,jubeo
iusti,justus
iustifiee,iustifiee
iustiniana,justinianus
iustinianeas,justinianus
iustinianei,justinianus
iustinianeum,justinianus
iustiniani,justinianus
iustinianus,justinianus
iustitia,justitia
iustiz,iustiz
iusto,justus
iustorum,justus
iüdisch,iüdisch
kaiser,kaiser
kaiserliche,kaiser
kanzlei,kanzlei
kay,kaiser
kays,kaiser
kayser,kaiser
kayserl,kaiser
kayserlich,kaiser
kayserliche,kaiser
kaysers,kaiser
kedd,kedd
keddische,keddische
kenntnis,kenntnis
kenntniss,kenntnis
ker,kern
kett,kett
ketzer,ketzer
keyser,kaiser
keyserliche,kaiser
kiiouienses,kiiouienses
kirche,kirche
kirchenordnung,kirchenordnung
kirchenrecht,kirche recht
kirchenstats,kirche staat
kircherianum,kircherianum
kirchke,kirche
kla¨ger,klaeger
kloester,Kloster
klöster,Kloster
koenig,könig
koheleth,koheleth
ko¨nigliche,könig
kraft,kraft
kreutterbuch,kreutterbuch
krieg,krieg
kriegs,Krieg
kriegshändel,kriegshändel
kuerfuerste,kurfürst
kun,kun
kurfürste,kurfürst
kurtz,kurtz
käiser,kaiser
könig,könig
königl,könig
königliche,könig
könne,könne
laboribus,labor2
lambassadeur,ambassadeur
lana,lana
land,land
landbescriebung,land beschreibung
lande,land
lander,land
landes,land
landesbeschreibung,land beschreibung
landesherrliche,land herr
landeshoheit,land hoheit
landfriede,land fried
landgraf,land graf
landgrafe,land graf
landgraffe,land graf
landgraffschaft,land graf
landgraft,land graf
landgrau,land graf
landrecht,land recht
landsaessige,land saessig
landsiedel,land siedel
landstaende,land stand
landtgraffe,land graf
landts,land
lanne,anne
lapide,lapis
larianisme,arianisme
lassemblee,assemblee
lateinischer,latein
lateranensi,lateranensi
latin,latinus
latina,latinus
latine,latinus
latini,latinus
latinis,latinus
latinitatis,latinitas
latino,latinus
latinum,latinus
latitudinis,latitudo
laudatio,laudatio
laudem,laudo
lebe,lebe
lectiones,lectio
lectionum,lectio
lectorem,lector
legalium,legalis
legationibus,legatio
legatis,lego2
lege,lex
legend,legend
legendis,lego2
leges,lex
legis,lex
legitimas,legitimus
leglise,eglise
legum,lex
leh,lehen
lehens,lehen
lehre,lehre
lehrgebäude,lehrgebäude
leichpredigt,leichpredigt
leichpredigte,leichpredigt
leichteste,leichteste
lempire,empire
leonem,leo2
leonini,leonini
lesprit,esprit
letablissement,etablissement
lethalium,lethalium
lettere,lettere
lettre,lettre
leuaminum,leuaminum
leucharistie,eucharistie
leuckfeldi,leuckfeldi
leuiticum,Leviticus
leuiticus,Leviticus
lex,lex
lexici,lexicon
lexico,lexicon
leyhe,leihe
lheresie,heresie
lhistoire,histoire
lib,liber4
liber,liber4
liberorum,liber1
libertas,libertas
libertate,libertas
libr,liber4
libri,liber4
libris,liber4
librorum,liber4
libros,liber4
librum,liber4
liebe,liebe
lienis,lienis
lig,lig
lindau,lindau
linea,linea
linguae,lingua
lipsicus,lipsicus
literaria,littera
literariis,littera
literario,littera
literas,littera
literis,littera
litigiosus,litigiosus
litterales,littera
litterarum,littera
litteris,littera
liure,liure
lobliche,löblich
loci,locus
locorum,locus
locos,locus
locupletati,locupleto
locupletissimis,locuples
locupletissimo,locuples
locupletissimus,locuples
lomeilles,lomeilles
longitudinis,longitudo
louis,louis
louuerture,ouuerture
lubecense,lubeck
lucam,luca
luce,luceo
lucernae,lucerna
lucis,lucus1
lucubrationes,lucubratio
ludouici,ludouicus
ludouico,ludouicus
ludwig,ludwig
ludwige,ludwig
lugdunensis,lugdunensis
lugduno,lugdunensis
lumen,lumen
luneburgensibus,luneburgica
luneburgicae,luneburgica
luste,luste
lustiger,lustiger
lustrationibus,lustratio
lusu,ludo
luther,luther
lutheranarum,lutheranus
lutheranisme,lutheranisme
lutheranismo,lutheranismo
lutheri,luther
lutherus,luther
lxui,lxui
lyserianae,lyserianae
löbliche,löblich
löwensteinischer,löwensteinischer
maburgische,marburg
magdalena,magdalena
magdeburg,magdeburg
magdeburgische,magdeburg
magicarum,magice
magistratuum,magister
magistrorum,magister
magnae,magnus
magni,magnus
magnus,magnus
mahometicus,mahometicus
maiestat,maiestas
maiestatis,majestas
maiestatt,maiestas
maiestetae,maiestas
mainz,mainz
maioris,magnus
maius,magnus
maleficiis,maleficium
malis,malo
malta,malta
mandarunt,mando1
manife,manife
manu,manus1
manuale,manuale
manumiss,manumissio
manuscript,manuscript
manuscriptorum,manuscript
manutentione,manutentio
marchiae,marchia
margarethe,margarethe
mariae,mariae
marianisch,marianisch
maris,mare
mark,mark
markgräfi,markgraf
marmora,marmoro
marpurgische,marburg
marquardi,marquardi
martini,martinus
materia,materia
materiarum,materia
materias,materia
materium,materium
mathesilani,mathesilani
matrimonialia,matrimonialia
matrimonialium,matrimonialia
matthaei,Matthaeus
matthaeo,Matthaeus
matthaeum,Matthaeus
mauri,maurus
mauros,maurus
mausoleum,mausoleum
maxi,maxi
maximis,magnus
maximè,maximè
may,may
mayntz,mainz
mayntzische,mainz
mccc,mccc
md,md
mdlu,mdlu
medailles,medailles
media,medius
medica,medicus
medicae,medicus
medicam,medicus
medicinae,medicina
medicinische,medicinisch
medico,medicus
medicum,medicus
medicus,medicus
medii,medius
medio,medius
mediolanensis,mediolanensis
meditationes,meditatio
mediæ,mediæ
medulla,medulla
megapolitanorum,megapolitanorum
melius,bonus
mella,mel
membrana,membrana
memorabiles,memorabilis
memorabilis,memorabilis
memorabilium,memorabilis
memoriae,memoria
memorialibus,memorial
mendis,menda
mente,mens
mercantilibus,mercantilibus
mercatura,mercor
merycologia,merycologia
messe,meto2
messeigneurs,messeigneurs
methodes,methodes
methodica,methodicus
methodus,methodus
mg,mg
microcosmi,microcosmos
miles,miles
militaer,militaris
militaires,militaires
militaris,militaris
militia,militia
mille,mille
minores,minor
minorum,parvus
mintzenburg,münzenberg
minus,parvus
miranda,miro
mirandulae,mirandulae
miscellanea,miscellaneum
miscellanearum,miscellanearum
misenensis,misenensis
mithridatio,mithridatio
mittelbar,mittelbar
mnemonicum,mnemonicus
moabiti,moabites
moabitis,moabites
moderni,modernus
moderno,modernus
modernorum,modernus
modii,modius
modis,modus
moguntiaca,mainz
moguntiacarum,mainz
moguntiae,mainz
moguntina,mainz
moguntini,mainz
mohamedis,mohamedis
monacho,monachus
monasterii,monasterium
monasteriologia,monasteriologia
monasteriorum,monasterium
monats,monat
monetis,moneo
monialium,monialium
montani,montanus1
monum,monum
monumenta,monumentum
monumentis,monumentum
monumentorum,monumentum
morales,moralis
morbis,morbus
morhofi,morhofi
moribus,mos
moritze,moritz
mortibus,mors
mortis,mors
mortuorum,morior
moschi,moschi
moscouiticarum,moscouiticus
moses,moses
mt,mt
multorum,multi
mumiae,mumiae
mundi,mundus
mundum,mundus1
municipali,municipalis
munster,munster
musaeum,musaeum
mutter,mutter
mystagoga,mystagoga
mythologiae,mythologia
mäyntzische,mainz
münz,münz
münzwissenschaft,münz wissenschaft
nachbarliches,nachbarlich
nassau,nassau
nassouia,nassau
natalis,natalis1
natio,natio
nationum,natio
natura,natura
naturali,natura
naturalis,natura
naxera,naxera
neapolitanae,neapolitanus
neapolitani,neapolitanus
nebenstunde,nebenstunde
necdum,necdum
necessarium,necessarius
necno,nec non
negotiations,negotiations
neomagenses,neomagenses
nequitia,nequitia
neu,neu
neues,neu
neueste,neu
neus,neu
newe,neu
niceni,niceni
nichtige,nichtige
nicol,nicol
niederlegung,niederlegung
nitori,nitor
nobilitate,nobilito
nobilium,nobilis
nomina,nomino
nominum,nomen
nomocano,nomocano
nonnulli,nonnullus
nordisch,nordisch
nostrum,noster
notabilia,notabilis
notabilium,notabilis
notae,nosco
notis,nota
notita,nota
notitia,nota
nou,nou
noua,novus
nouae,novus
nouam,novus
nouercarum,noverca
nouet,nouet
noui,novus
nouis,novus
nouissimi,novus
nouo,novus
nouum,novus
nouus,novus
noñulla,nonnulla
nullitatibus,nullitatibus
numaria,numaria
numeri,numerus
numismatum,numisma
nunc,nunc
nunquam,numquam
nuper,nuper
nécessaire,nécessaire
nöthig,nötig
nürmberg,nürnberg
nürnbergische,nürnberg
nützlich,nützlich
ober,ober
oberherrlich,oberherrlich
oberste,obserst
obitum,obeo
obligat,obligo
obseruanda,observo
obseruatio,obseruatio
obseruationes,obseruatio
obseruationibus,obseruatio
obseruationum,obseruatio
obstantium,obsto
obtineri,obtineo
ocaeres,ocaeres
occasus,occido2
occidentalium,occidentalis
octauus,octavus
odhelii,odhelii
oeconomia,oeconomia
offenbahrung,offenbahrung
officia,officium
officiers,officiers
officinalis,officinalis
olim,olim
omnes,omne
omnia,omne
omnibus,omne
omnis,omne
omnium,omne
onomastico,onomastico
opera,opus1
operae,opus1
operi,opus1
operis,opus1
operum,opus1
opiniones,opinio
opinionum,opinio
opitii,opitii
oppida,oppidum
optimi,bonus
optimo,bonus
opus,opus1
opuscula,opusculum
opusculis,opusculum
opusculum,opusculum
oraculis,oraculum
oratio,oratio
orationem,oratio
orationes,oratio
orbis,orbus
orde,orde
ordens,orden
ordinandis,ordino
ordinaria,ordinarius
ordinationes,ordinatio
ordinationibus,ordinatio
ordine,ordo
ordinem,ordo
ordinis,ordo
ordnung,ordnung
ordnunge,ordnung
ordo,ordo
ordung,ordnung
ordunge,ordnung
organizatio,organization
orientalis,orientalis
orientalium,orientalis
original,original
originalia,original
origines,origo1
orte,orior
orthodoxia,orthodoxia
orts,ort
ortus,orior
osculis,osculum
osnabrugensi,osnabrugensis
osnabrugensis,osnabrugensis
ostendum,ostendum
otiosis,otiosus
ouina,ouina
oxoniensi,oxoniensis
oxoniensia,oxoniensis
oxoniensis,oxoniensis
pace,pax
pacis,pax
pactis,paciscor
paganorum,paganus
paix,paix
palaeologi,palaeologus
palaestra,palaestra
palatina,palatina
palatinae,palatina
palatini,palatina
palatino,palatina
palatinum,palatina
palatio,palatium
pamer,pamer
pandect,pandectae
pandectae,pandectae
pandectarum,pandectes
pandectas,pandectae
pandecte,pandectae
pandectæ,pandectae
panegyricus,panegyricus
pannonia,pannonia
pannoniae,pannonia
pannonica,pannonia
papa,papa
papalis,papa
papam,papa
papatus,papa
papebrochiana,Papebrochianus
papista,papa
par,par
paraenetica,paraenetica
paratitla,paratitla
parisienses,parisiensis
parium,par
pars,pars
partem,pars
partes,pars
parthenius,parthenius
partibus,pars
particularum,particula
partim,pars
partis,pars
passagiis,passagiis
patauino,patauino
pathologia,pathologia
patre,pater
patriarchio,patriarchium
patrimonium,patrimonium
patrum,pater
pauli,paulus1
paulum,paulus1
pausaniae,pausanias
peccans,pecco
pecuniae,pecunia
pedemontanae,pedemontanus
pedemontani,pedemontanus
peinlich,peinlich
peinliche,peinlich
pene,penum
penitentiales,penitentialis
pere,pere
perelegans,perelego
peri,pereo
peribologia,peribologia
periocunda,periocunda
peripateticae,peripateticus
peritiae,peritia
perpetuite,perpetuite
perquam,perquam
perrino,perrino
persecutionibus,persecutio
persecutorum,persequi
persicarum,persia
persoenliches,persoenlich
persone,persona
perspicillum,perspicillum
pertica,pertica
pertinens,pertineo
pertinent,pertineo
perusinarum,perusina
pestilentiale,pestilentialis
petr,petrus
petri,petrus
pfaltz,pfalz
pfaltzgraue,pfalzgraf
pfalz,pfalz
pflichte,pflichte
pharmaceutica,pharmaceuticus
pharmacopoea,pharmacopoea
phasis,phasis
philadelphica,philadelphica
philippi,philipp
philipps,philipp
philologica,philologicus
philologicae,philologicus
philologicum,philologicus
philosophi,philosophus
philosophia,philosophia
philosophica,philosophicus
philosophorum,philosophus
photii,photius
physica,physica1
pia,pius
piccolominei,piccolomini
pictura,pingo
pietiste,pietisticus
pietistica,pietisticus
pileo,pileo
pio,pius
piscandi,piscor
placita,placeo
plagio,plagium
plane,planus1
platonis,plato
platyne,platyne
platz,platz
plenior,plenus
plenissimum,plenus
plerique,pleo
plinianae,plinius
plurimis,multus
plurimum,multus
plutarchi,plutarchus
poemata,poema
poematia,poematium
poetae,poeta
poetis,poeta
points,points
policey,polizei
politi,polio1
politiano,politiano
politica,politicus
politicum,politicus
politische,politische
politischer,politischer
polizey,polizei
polnisch,polonia
polonia,polonia
poloniae,polonia
poloniarum,polonia
polonicis,polonia
polonicus,polonia
polybii,polybius
polyhistor,polyhistor
polymnemo,polymnemo
ponti,pontus1
pontifex,pontifex
pontificat,pontificat
pontificiae,pontificiae
pontificu,pontificum
pontificum,pontifex
populi,populus1
portarum,porta
posau,posau
posita,pono
positis,pono
possessione,possessio
possessionem,possessio
possidetis,possideo
posteriores,posterus
posthumum,postumus
postill,postilla
postilla,postilla
postillae,postilla
postrema,posterus
postumorum,postumus
potentissimo,potens
potenze,potenze
potissimum,potis
pour,pour
practica,practicus
practicae,practicus
practicam,practicus
practicant,practicus
practicarum,practicus
practicis,practicus
practicum,practicus
practicus,practicus
praecationes,praecatio
praecepta,praecipio
praecipua,praecipuus
praecipue,praecipuus
praecipuis,praecipuus
praecipuorum,praecipuus
praedicti,praedico2
praeeminentia,praeeminentia
praefatio,praefatio
praefationibus,praefatio
praefixa,praefigo
praeiudicia,praejudicium
praeiudiciis,praejudicium
praelatorum,praelatus
praelectiones,praelectio
praenobilem,praenobilis
praerogatiue,praerogatiue
praesentem,praesens
praesenti,praesens
praesertim,praesertim
praeseruatione,praeseruatio
praestantia,praesto2
praesumptionibus,praesumptio
praeterea,praeterea
pragmaticum,pragmaticus
praktische,praktisch
praxeos,praxis
praxi,praxis
praxim,praxis
praxis,praxis
predigens,predigt
prediger,predigt
predigte,predigt
preißgow,breisgau
prerogatiues,prerogatiues
presche,presche
presence,presence
preseruatif,preseruatif
preterea,preterea
preusische,Preussen
preussische,Preussen
preyßgaw,Breisgau
prima,primus
primam,primus
primatu,primatus
primi,primus
primogeniturae,primogenitura
primos,primus
primum,primus
primus,primus
primùm,primùm
principalement,principalement
principaux,principaux
principes,princeps
principia,principia
principum,princeps
prior,prior
priora,prior
priorem,prior
prisco,priscus1
pristino,pristinus1
priuata,priuatus
priuati,priuatus
priuatrecht,priuatrecht
priuatum,priuatus
priuilegia,privilegium
priuilegie,priuilegie
priuilegiis,privilegium
probationem,probatio
probationibus,probatio
probationum,probatio
probe,probus1
problematicum,problematicus
process,processus2
processibus,processus2
processus,processus2
processuum,processus2
procez,procez
prodierunt,prodeo
prodromus,prodromus
profanarum,profanus
prohibitorum,prohibitorum
prolium,prolium
promptuarium,promptuarius
promulgata,promulgo
propemodum,propemodum
prophetam,propheta
prophylaxis,prophylaxis
proposees,proposees
prosodiae,prosodia
protestans,protestans
protestante,protestante
prouidentia,provideo
prouinciae,provincialis
prouincialis,provincialis
prouinciarum,provincialis
prout,prout
prudentia,prudens
prussiae,preussen
prüfung,prüfung
psalmorum,psalmus
psalmos,psalmus
publica,publicus
publicae,publicus
publicarum,publicus
publici,publicus
publicis,publicus
publicum,publicus
puerorum,puer
pugio,pugio
punctata,punctatus
puncte,punct
pupillari,pupillo
purpurea,purpureus
pyrrhi,pyrrhi
pythagorica,pythagoricus
quaestiones,quaestio
quaestionibus,quaestio
quaestionum,quaestio
quaestura,quaestura
quamplurimis,quamplurimis
quamplurimorum,quamplurimorum
quartum,quartum
quatre,quatre
quatuor,quattuor
quietistarum,quietistus
quinquaginta,quinquaginta
quodammodo,quodam modo
quotidia,quotidianus
rabbinismus,rabbinismus
raimundo,raimundo
raphaellis,raphaellis
rath,rat
raths,rat
rationalia,ratio
rationalis,ratio
rationarium,ratio
rationes,ratio
ratisbonensia,ratisbon
rats,rat
re,res
reale,reale
realis,realis
rebuffo,audomari_rebuffo
rebus,res
rebuspublicis,respublica
recens,recens
recensir,recensir
receptarum,receptarum
recessibus,recessus2
recessus,recessus2
receßibus,recessus2
rechshofrath,reich hof rat
recht,recht
rechte,recht
rechtliche,recht
rechtlicher,recht
rechts,recht
rechtsfälle,recht fall
recognita,recognosco
recognitae,recognitus
recogniti,recognitus
recognitus,recognitus
recursu,recursus
red,red
reddita,reddo
rediuiua,redivivus
rediuiuus,rediuiuus
refertur,refero
refluxu,refluxus
reformandi,reformatio
reformantionis,reformatio
reformatio,reformatio
reformationis,reformatio
reformirte,reformatio
refutatio,refutatio
refutationem,refutatio
regalie,regal
regals,regal
regem,rex
regensburg,regensburg
regenspurgische,regensburg
regi,rex
regia,regius
regiae,regia
regias,regia
regiement,regiement
regierungs,regierung
regierungsblatt,regierung blatt
regii,regius
regiis,regius
regiments,regiments
regis,rex
register,register
regium,regius
regnante,regno
regni,regnum
regno,regno
regnum,regnum
regularum,regula
reguliers,reguliers
regulis,regula
regum,rex
regundis,rego
rei,res
reiche,reich
reichs,reich
reichsarchius,reich archiv
reichsfürstlich,reich fürst
reichslehenbare,reich lehen
reichsrechtswege,reich recht weg
reichsstaende,reich stand
reichsstatt,reich staat
reichstag,reich tag
reichstage,reich tag
reichstags,reich tag
reichsztaeg,reich tag
reichsztäg,reich tag
reichßtag,reich tag
reinhardi,reinhardus
reipublicae,respublica
relationes,relatio
relationibus,relatio
relatis,refero
religio,religio
religionis,religio
religions,religion
religionum,religio
religiosae,religio
reliqua,reliquus
reliquiae,reliquiae
reliquit,relinquo
rem,res
remarques,remarques
renouata,renovo
renouatae,renovo
renum,renum
renunciatio,renunciatio
reperiri,reperio
repertorium,repertorium
repetitio,repetitio
repetitiones,repetitio
reponse,reponse
repraesentatione,repraesentatio
republica,respublica
repurg,repurg
repurgatum,repurgare
requies,requies
rerum,res
res,res
rescript,rescript
rescripta,rescribo
rescripte,rescript
resolutiones,resolutio
resolutionum,resolutio
respondorum,responsum
responsa,responsum
responses,response
responsis,responsum
responsorum,responsum
respublica,respublica
restituta,restituo
restitutione,restitutio
resurrectio,resurrectio
retractu,retraho
reuerendissimi,reuerendus
reuidirte,reuidirt
reuisae,reuisus
reuisio,reuisio
rhei,rhein
rhythmo,rhythmos
rhythmus,rhythmus
richs,reich
ritibus,ritus
ritter,ritter
ritterliche,ritter
ritterschafft,ritterschaft
ritterschaft,ritterschaft
roem,roma
roemische,roma
rom,rus
roma,roma
romaine,romaine
romana,roma
romanae,roma
romanarum,romanus
romani,roma
romanis,romanus
romano,romanus
romanorum,roma
romanus,romanus
romanæ,roma
rome,roma
romische,roma
rosencrantzes,rosencrantz
rota,roto
rotae,rota
rottirung,rottirung
rottweil,rottweil
roy,roy
rs,rs
rubro,rubrus
rulandt,rulandt
ruminantibus,rumino
ruminatione,ruminatio
rutgeri,rutgeri
ruth,Ruth
ryssel,ryssel
rö,roma
röm,roma
römer,roma
römisch,roma
römische,roma
rübenzahl,rübenzahl
sache,sache
sacra,sacer
sacrae,sacer
sacras,sacer
sacrement,sacrement
sacri,sacer
sacrificiorum,sacrificus
sacris,sacer
sacro,sacro
sacrorum,sacer
sacrosancta,sacrosanctus
sacrum,sacer
saecula,saeculum
saeculi,saeculum
saettigkeit,saettigkeit
saetzunge,satzung
saint,saint
sainte,sainte
salernitano,salernitano
salica,salica
salomo,salomo
samlung,sammlung
sammlung,sammlung
sampt,sammt
samuelis,Samuel
sanctae,sancio
sancti,sancio
sanctiss,sanctus
sancto,sancio
sanguine,sanguis
sanitatis,sanitas
saponisi,saponisi
satyrico,satyricus1
satzunge,satzung
saxoniae,saxonia
saxonicae,saxonicus
saxonicam,saxonicus
saxonicarum,saxonicus
saxonico,saxonicus
saxonum,saxonicus
schatz,schatz
schau,schau
schauplatz,schau platz
schisme,schisme
schlaf,schlaf
schlesische,schlessisch
schleßische,schlessisch
schluß,schluss
schlüsse,schluss
schlüssel,schlüssel
schmalkaldische,schmalkaldische
schmidslaug,schmidtslaug
schmidt,schmidt
schmidtslaug,schmidtslaug
scholasticae,scholasticus
scholasticum,scholasticus
scholiis,scholium
schonburg,schonburg
schreibart,schreibart
schreibkammer,schreibkammer
schrifft,schrift
schrift,schrift
schrifte,schrift
schriftliche,schrift
schriftsam,schriftsam
schroederiana,Schroeder
schuldwese,schuldwese
schullehrer,schullehrer
schuman,schuman
schwartzburg,schwartzburg
scientiarum,scientia
sclopetorum,sclopetorum
scribendis,scribo
scribentium,scribo
scripta,scriptus
scripti,scribo
scriptis,scriptus
scriptores,scriptor
scriptoribus,scriptor
scriptorum,scriptor
scrutinium,scrutinium
sculpturae,sculpo
sechzig,sechzig
secrètes,secrètes
seculare,saecularis
secund,secundus
secundam,secundus1
secundi,secundus1
secundo,secundus1
secundum,secundus1
secundus,secundus1
sedem,sedo
sedis,sedes
seditiosis,seditiosus
seel,seel
selecta,selecta
selectae,selectus
selecti,selectus
selectis,selectus
selectissimarum,selectus
selectissimis,selectissimus
selectorum,selectus
selectum,selectus
selectus,selectus
semestrium,semestrium
semicenturia,semicenturia
senatorum,senator
senatu,senatus
senatus,senatus
senckenbergiana,senckenbergiana
sendschreibe,sendschreibe
senensis,senensis
sensuum,sensus2
sententia,sententia
sententiae,sententia
sententiarum,sententia
sentiment,sentiment
septentrionalium,septentrionalis
sepulchorum,sepulchorum
serechtsame,gerechtsame
serenissimum,serenissimum
serius,serus
sermo,sermo
sero,sero1
ses,ses
sex,sex
sexagintae,sexagintae
sexti,sextus1
sextum,sextus1
sextus,sextus1
sicularum,sicula
sigea,sigea
sigillis,sigilla
signifactione,signifactio
significatione,significatio
signis,signum
silbers,silbers
sincerae,sincerus
sine,sino
singulae,singulus
singulari,singularis
singularia,singularis
singularibus,singularis
singularis,singularis
singularium,singularis
singulas,singulus
socinorum,socinus
solemnia,solemnis
solemnis,solemnis
solennibus,solemnis
soliloquia,soliloquia
solms,solms
solmsische,solms
solum,solus1
sophicus,sophicus
sparsim,sparsim
spasmodica,spasmodica
spe,spes
specialis,specialis
specie,species
specimen,specimen
speculum,speculum
speyer,speyer
sphinx,sphinx
spicilegia,spicilegia
spicilegium,spicilegium
spiera,spiera
spiritualia,spiritualia
spiritus,spiritus
spo,spo
spraach,Sprache
sprach,sprache
sr,sacer romanus imperium
sri,sacer romanus imperium
st,st
staats,staat
staatsbetrachtunge,staat betrachtung
staatscanzley,staat kanzlei
staatskanzley,staat kanzlei
stabulum,stabulum
stadt,stadt
staedtische,stadt
staende,stand
staendische,stand
stamm,stamm
stande,stand
standt,stand
stato,status
statu,status
statum,status
status,status
statuta,statutum
statute,statutum
statutum,statutum
statuum,status
stellarum,stella
stellatum,stello
stemmata,stemma
stendt,stand
steuer,steuer
stipulatione,stipulatio
strix,strix
studiosis,studiosus
studiosorum,studiosus
stunde,stunde
sturm,sturm
stände,stand
ständt,stand
stättigkeit,stättigkeit
subcisiuarum,subcisiuarum
subditorum,subditus
subiecimus,sub-jacio
subseciuorum,subseciuorum
subsidia,subsidium
substitut,substitut
substitutione,substitutio
subtiles,subtilis
successio,successio
successionibus,successio
successionis,successio
succincta,succingo
suecicis,suecicis
sueo,sueus
suetonis,suetonis
sueuiae,sueuici
sueuici,sueuici
suffragiis,suffragium
summa,summum
summae,summa
summam,summa
summaria,summaria
summariis,summaria
summarischer,summarisch
summarium,summarium
summis,summus
summorúm,summa
summum,summus
suo,suo
superstite,super-sto
supplement,supplement
suppletus,suppleo
supplicationes,supplicatio
supplicationum,supplicatio
supremo,superus
supremorum,superus
sur,sur
suummae,summa
sylloge,sylloge
syluii,silvio
symboli,symbolus
symbolicae,symbolus
symphorematii,symphoremata
symphorematis,symphoremata
synagoga,synagoga
synagogae,synagoga
synedriis,synedriis
synopses,synopsis
synopsis,synopsis
syntagma,syntagma
syriacus,syriacus
sächsische,sachsisch
sämptliche,samtlich
tabaci,tabaci
tabellarum,tabella
tabula,tabula
tabulae,tabula
tabularum,tabula
taciti,taceo
tactica,tactica
tage,tag
tags,tag
talionis,talio
tandem,tandem
tantum,tantus
tartarico,tartaricus
telluris,tellus
templi,templum
templorum,templum
tempore,tempus
temporis,tempus
temporum,tempus
terre,terreo
tertia,tertius
tertius,tertius
testamentariis,testamentarius
testamenti,testamentum
testaments,testament
testamentum,testamentum
testibus,testis1
testium,testis1
teutonici,teutonicus
teutonico,teutonicus
teutsch,deutsch
teutsche,deutsch
teutscher,deutsch
teutsches,deutsch
teutschland,Deutschland
textui,textus
textus,textus2
thaler,thaler
thalia,thalia
thanatologia,thanatologia
thate,tat
theasurus,thesaurus
theater,theater
theatrum,theatrum
theil,Teil
theile,Teil
theologia,theologia
theologiae,theologia
theologica,theologicus
theologici,theologia
theologicorum,theologia
theologicum,theologia
theoretico,theoria
theoretische,theoria
theoria,theoria
theorica,theoria
theorico,theoria
theriaca,theriaca
thesauro,thesaurus
thesaurum,thesaurus
thesaurus,thesaurus
theyl,Teil
tho,thos
tholosanae,Tolosa
tholosani,Tolosa
tholose,Tolosa
thoma,Thoma
thomae,Thoma
thuanus,thuanus
thucydidis,thucydides
thuringiae,thuringia
thüringische,thuringia
tiraquelli,tiraquelli
tit,titulus
titul,titul
tituli,titulus
titulum,titulus
todt,tod
togatus,togatus
toledo,toledo
toletani,toletani
tombeau,tombeau
tomi,tomus
tomis,tome
tomos,tomus
tomus,tomus
topographia,topographia
torah,torah
toti,totus1
totius,totus1
touchant,touchant
tous,tous
tractantur,tracto
tractat,tractatus
tractatum,tractatus
tractatur,tracto
tractatus,tractatus
traditionum,traditio
traditur,trado
traite,traite
traittez,traittez
tranquillitate,tranquillitas
tranquillus,tranquillus
transactionibus,transactio
transmissorum,transmissorum
transubstantationis,transubstantatio
tres,tres
treuirensium,treuirensium
triangulis,triangulus
tribunal,tribunal
tridentini,tridentinus
trifolium,trifolium
trinitatis,trinitas
triparta,tripartus
tripartitum,tripartus
tripertita,tripertita
triplex,triplex
trium,tres
triumphans,triumpho
triumphis,triumphus
tumulus,tumulus
turcarum,turcus
turcica,turcus
turris,turris
tutelis,tutela
tu¨binge,tübingen
tyrannorum,tyrannus
tyronibus,tyronis
täglicher,täglich
türcke,turcus
türke,turcus
ua,ua
uaiorum,varius1
ualasci,ualasci
uanitatis,vanitas
uaria,varius1
uariae,varius1
uariarum,varius1
uarii,varius1
uariis,varius1
uarior,varius1
uariorum,varius1
uarios,varius1
uberbliebene,überbleiben
uebrige,übrig
uenandi,venor
uenationi,venatio
uenatorio,venatorius
uenerabilis,venerabilis
uenetae,uenetae
uenetorum,uenetae
uera,verus
uerb,verbum
uerbal,uerbal
uerbesserter,uerbessert
uerbi,verbum
uerborum,verbum
uerdeutscht,uerdeutscht
uerfassung,verfassung
uerflossene,uerflossene
uergleiche,uergleich
uerite,ueritas
uermoegens,uermoegens
ueronense,ueronense
uerordnunge,Verordnung
uersantibus,verso
uerständniß,uerständniß
uersuch,uersuch
uertiginosus,uertiginosus
uerum,verus
uerus,verus
uerwaltung,uerwaltung
uerwerd,uerwerd
uetere,vetus
ueterem,vetus
ueteres,vetus
ueteri,vetus
ueteribus,vetus
ueteris,vetus
ueters,ueters
ueterum,vetus
uetus,vetus
uetustate,vetustas
uetustissimi,vetustus
uetustissimo,vetustus
uetustorum,vetustus
uffstand,Aufstand
ui,vis
uicarie,uicarius
uierdte,uierdte
uigelii,uigelii
uile,vilis
uindicata,vindico
uindicates,uindicates
uindicatio,vindicatio
uindiciae,vindicia
uindobonensis,vienna
uirginis,virgo
uiridarium,uiridarium
uiris,vis
uirorum,vir
uisi,video
uisitationum,uisitatio
uismariense,uismariense
uiso,video
uita,uita
uitae,uita
uitis,vita
uitriarii,uitriarii
uiuorum,vivus
ultra,ulter
umbilici,umbilicus
umbra,umbro
umbriae,umbria
uncatholische,uncatholisch
uncialaeum,uncialaeum
undergerichts,untergericht
une,une
unfugs,unfug
ungebunde,ungebunden
ungewißheit,ungewißheit
unio,unio2
uniuersae,universus
uniuersal,uniuersal
uniuersalibus,uniuersal
uniuersalis,universalis
uniuersas,universus
uniuerselle,uniuerselle
uniuersi,universus
uniuersitatis,universitas
uniuersitatum,universitas
uniuersita¨te,universitas
uniuersität,uniuersität
uniuersum,universus
unmittelbare,unmittelbar
unparteyische,unparteyisch
untergerichtsordnung,untergerichtsordnung
unterhaltung,unterhaltung
unterredung,unterredung
unterricht,unterricht
untertane,untertane
unterthane,untertane
untterrichtung,untterrichtung
unuorgreifliches,unuorgreifliches
uocabularium,uocabularius
uocabularius,uocabularius
uocant,voco
uolaterrani,uolaterrani
uolker,uölker
uolkommene,vollkommen
uollkomme,vollkommen
uollkommene,vollkommen
uollkommenes,vollkommen
uollstaendige,vollständig
uollständige,vollständig
uollständiger,vollständig
uolume,uolumen
uorraths,uorraths
uorrechte,uorrechte
uorstelle,uorstelle
uorzüglich,vorzuglich
uotis,voveo
uotiua,votivus
uotorum,voveo
uo¨lckerrecht,uölker recht
urbis,urbs
urpsrung,ursprung
ursache,ursache
ursprung,ursprung
ursprunge,ursprung
urthail,Urteil
urtheil,Urteil
usibus,usus2
usquam,usquam
usque,usque
usu,usus
usucapione,usucapio2
usufructu,usufructus
usus,usus
usuuenientia,usuuenientia
uti,uto
utile,utile
utiles,utilis
utilissimae,utilis
utriusque,utriusque
utroque,utriusque
utrumque,utriusque
utuntur,uto
uulgo,vulgo2
uulneribus,vulnus
uulnerum,vulnus
uxor,uxor
uxorum,uxor
vultis,volo1
wachsthum,wachsthum
wahl,wahl
wahre,wahre
waldschmids,waldschmid
walkenredense,walkenredense
wappenbuch,wappenbuch
warzburg,warzburg
wassers,wassers
wechsel,wechsel
wechselordnunge,wechsel ordnung
wechselschrifft,wechselschrift
weekely,weekely
weitberühmte,weitberühmt
weltiche,weltich
weltlicher,weltich
werra,werra
wertheim,wertheim
westmonasteriensem,westmonasteriensem
westphale,Westphalia
westphalicae,Westphalia
westphälische,Westphalia
wetzflar,Wetzlar
wetzlariense,Wetzlar
wetzlarische,Wetzlar
wichtige,wichtig
wichtigste,wichtig
wiclef,wiclef
wiclefianisme,wiclef
wider,wider
widerlegung,widerlegung
wiederlegung,wiederlegung
wiesbade,Wiesbaden
wild,wild
wilhelmi,wilhelmus
windeike,windeike
wirtembergensis,wirtembergensis
wirtenbergica,wirtembergensis
wirtenbergico,wirtembergensis
witikindi,witikindus
wolmeinendes,wolmeinend
wori,wori
worin,worin
wormbs,worms
wucherliche,wucherlich
wöchentliche,wöchentlich
würtzburg,würtzburg
wütende,wütend
xiii,xiii
xiu,xiu
xxui,xxui
zubegriff,zubegriff
zubrodt,zubrodt
zugefalle,zugefalle
zusaetze,zusatz
zwantzig,zwantzig
ächte,acht
ärgerliche,ärgerlich
übliche,üblich
